INSERT INTO countries (id, name, code, flag_url, description, enabled, created_at, updated_at) VALUES (1, '미국', '미국', 'https://flags.example.com/미국.png', '미국에 대한 설명입니다.', TRUE, CURRENT_TIMESTAMP, CURRENT_TIMESTAMP);
INSERT INTO countries (id, name, code, flag_url, description, enabled, created_at, updated_at) VALUES (2, '일본', '일본', 'https://flags.example.com/일본.png', '일본에 대한 설명입니다.', TRUE, CURRENT_TIMESTAMP, CURRENT_TIMESTAMP);
INSERT INTO countries (id, name, code, flag_url, description, enabled, created_at, updated_at) VALUES (3, '베트남', '베트남', 'https://flags.example.com/베트남.png', '베트남에 대한 설명입니다.', TRUE, CURRENT_TIMESTAMP, CURRENT_TIMESTAMP);
INSERT INTO countries (id, name, code, flag_url, description, enabled, created_at, updated_at) VALUES (4, '호주', '호주', 'https://flags.example.com/호주.png', '호주에 대한 설명입니다.', TRUE, CURRENT_TIMESTAMP, CURRENT_TIMESTAMP);
INSERT INTO countries (id, name, code, flag_url, description, enabled, created_at, updated_at) VALUES (5, '캐나다', '캐나다', 'https://flags.example.com/캐나다.png', '캐나다에 대한 설명입니다.', TRUE, CURRENT_TIMESTAMP, CURRENT_TIMESTAMP);
INSERT INTO countries (id, name, code, flag_url, description, enabled, created_at, updated_at) VALUES (6, '중국', '중국', 'https://flags.example.com/중국.png', '중국에 대한 설명입니다.', TRUE, CURRENT_TIMESTAMP, CURRENT_TIMESTAMP);
INSERT INTO countries (id, name, code, flag_url, description, enabled, created_at, updated_at) VALUES (7, '영국', '영국', 'https://flags.example.com/영국.png', '영국에 대한 설명입니다.', TRUE, CURRENT_TIMESTAMP, CURRENT_TIMESTAMP);
INSERT INTO countries (id, name, code, flag_url, description, enabled, created_at, updated_at) VALUES (8, '독일', '독일', 'https://flags.example.com/독일.png', '독일에 대한 설명입니다.', TRUE, CURRENT_TIMESTAMP, CURRENT_TIMESTAMP);
INSERT INTO countries (id, name, code, flag_url, description, enabled, created_at, updated_at) VALUES (9, '프랑스', '프랑스', 'https://flags.example.com/프랑스.png', '프랑스에 대한 설명입니다.', TRUE, CURRENT_TIMESTAMP, CURRENT_TIMESTAMP);
INSERT INTO countries (id, name, code, flag_url, description, enabled, created_at, updated_at) VALUES (10, '싱가포르', '싱가포', 'https://flags.example.com/싱가포.png', '싱가포르에 대한 설명입니다.', TRUE, CURRENT_TIMESTAMP, CURRENT_TIMESTAMP);
INSERT INTO countries (id, name, code, flag_url, description, enabled, created_at, updated_at) VALUES (11, '필리핀', '필리핀', 'https://flags.example.com/필리핀.png', '필리핀에 대한 설명입니다.', TRUE, CURRENT_TIMESTAMP, CURRENT_TIMESTAMP);
INSERT INTO countries (id, name, code, flag_url, description, enabled, created_at, updated_at) VALUES (12, '말레이시아', '말레이', 'https://flags.example.com/말레이.png', '말레이시아에 대한 설명입니다.', TRUE, CURRENT_TIMESTAMP, CURRENT_TIMESTAMP);
INSERT INTO countries (id, name, code, flag_url, description, enabled, created_at, updated_at) VALUES (13, '뉴질랜드', '뉴질랜', 'https://flags.example.com/뉴질랜.png', '뉴질랜드에 대한 설명입니다.', TRUE, CURRENT_TIMESTAMP, CURRENT_TIMESTAMP);
INSERT INTO countries (id, name, code, flag_url, description, enabled, created_at, updated_at) VALUES (14, '태국', '태국', 'https://flags.example.com/태국.png', '태국에 대한 설명입니다.', TRUE, CURRENT_TIMESTAMP, CURRENT_TIMESTAMP);
INSERT INTO countries (id, name, code, flag_url, description, enabled, created_at, updated_at) VALUES (15, '인도네시아', '인도네', 'https://flags.example.com/인도네.png', '인도네시아에 대한 설명입니다.', TRUE, CURRENT_TIMESTAMP, CURRENT_TIMESTAMP);
INSERT INTO countries (id, name, code, flag_url, description, enabled, created_at, updated_at) VALUES (16, '이탈리아', '이탈리', 'https://flags.example.com/이탈리.png', '이탈리아에 대한 설명입니다.', TRUE, CURRENT_TIMESTAMP, CURRENT_TIMESTAMP);
INSERT INTO countries (id, name, code, flag_url, description, enabled, created_at, updated_at) VALUES (17, '스페인', '스페인', 'https://flags.example.com/스페인.png', '스페인에 대한 설명입니다.', TRUE, CURRENT_TIMESTAMP, CURRENT_TIMESTAMP);
INSERT INTO countries (id, name, code, flag_url, description, enabled, created_at, updated_at) VALUES (18, '튀르키예', '튀르키', 'https://flags.example.com/튀르키.png', '튀르키예에 대한 설명입니다.', TRUE, CURRENT_TIMESTAMP, CURRENT_TIMESTAMP);
INSERT INTO countries (id, name, code, flag_url, description, enabled, created_at, updated_at) VALUES (19, '네덜란드', '네덜란', 'https://flags.example.com/네덜란.png', '네덜란드에 대한 설명입니다.', TRUE, CURRENT_TIMESTAMP, CURRENT_TIMESTAMP);
INSERT INTO countries (id, name, code, flag_url, description, enabled, created_at, updated_at) VALUES (20, '스웨덴', '스웨덴', 'https://flags.example.com/스웨덴.png', '스웨덴에 대한 설명입니다.', TRUE, CURRENT_TIMESTAMP, CURRENT_TIMESTAMP);
INSERT INTO topics (id, name, code, description, icon, enabled, created_at, updated_at) VALUES (1, '의료보험', 'health_insurance', '의료보험에 대한 설명입니다.', 'health_insurance', TRUE, CURRENT_TIMESTAMP, CURRENT_TIMESTAMP);
INSERT INTO topics (id, name, code, description, icon, enabled, created_at, updated_at) VALUES (2, '여행자보험', 'travel_insurance', '여행자보험에 대한 설명입니다.', 'travel_insurance', TRUE, CURRENT_TIMESTAMP, CURRENT_TIMESTAMP);
INSERT INTO topics (id, name, code, description, icon, enabled, created_at, updated_at) VALUES (3, '운전자보험', 'driver_insurance', '운전자보험에 대한 설명입니다.', 'driver_insurance', TRUE, CURRENT_TIMESTAMP, CURRENT_TIMESTAMP);
INSERT INTO topics (id, name, code, description, icon, enabled, created_at, updated_at) VALUES (4, '입국 절차', 'entry_procedures', '입국 절차에 대한 설명입니다.', 'entry_procedures', TRUE, CURRENT_TIMESTAMP, CURRENT_TIMESTAMP);
INSERT INTO topics (id, name, code, description, icon, enabled, created_at, updated_at) VALUES (5, '세관 정보', 'customs_info', '세관 정보에 대한 설명입니다.', 'customs_info', TRUE, CURRENT_TIMESTAMP, CURRENT_TIMESTAMP);
INSERT INTO topics (id, name, code, description, icon, enabled, created_at, updated_at) VALUES (6, '워킹홀리데이 비자', 'working_holiday_visa', '워킹홀리데이 비자에 대한 설명입니다.', 'working_holiday_visa', TRUE, CURRENT_TIMESTAMP, CURRENT_TIMESTAMP);
INSERT INTO topics (id, name, code, description, icon, enabled, created_at, updated_at) VALUES (7, '여행 비자', 'tourist_visa', '여행 비자에 대한 설명입니다.', 'tourist_visa', TRUE, CURRENT_TIMESTAMP, CURRENT_TIMESTAMP);
INSERT INTO topics (id, name, code, description, icon, enabled, created_at, updated_at) VALUES (8, '거주 비자', 'residence_visa', '거주 비자에 대한 설명입니다.', 'residence_visa', TRUE, CURRENT_TIMESTAMP, CURRENT_TIMESTAMP);
INSERT INTO topics (id, name, code, description, icon, enabled, created_at, updated_at) VALUES (9, '국가별 여행 안전 정보', 'travel_safety', '국가별 여행 안전 정보에 대한 설명입니다.', 'travel_safety', TRUE, CURRENT_TIMESTAMP, CURRENT_TIMESTAMP);
INSERT INTO sources (id, name, url, source_type, description, created_at, updated_at) VALUES (1, '미국 정부 공식 사이트', 'https://gov.미국.example.com', 'GOVERNMENT', '미국의 공식 정부 문서 소스', CURRENT_TIMESTAMP, CURRENT_TIMESTAMP);
INSERT INTO sources (id, name, url, source_type, description, created_at, updated_at) VALUES (2, '일본 정부 공식 사이트', 'https://gov.일본.example.com', 'GOVERNMENT', '일본의 공식 정부 문서 소스', CURRENT_TIMESTAMP, CURRENT_TIMESTAMP);
INSERT INTO sources (id, name, url, source_type, description, created_at, updated_at) VALUES (3, '베트남 정부 공식 사이트', 'https://gov.베트.example.com', 'GOVERNMENT', '베트남의 공식 정부 문서 소스', CURRENT_TIMESTAMP, CURRENT_TIMESTAMP);
INSERT INTO sources (id, name, url, source_type, description, created_at, updated_at) VALUES (4, '호주 정부 공식 사이트', 'https://gov.호주.example.com', 'GOVERNMENT', '호주의 공식 정부 문서 소스', CURRENT_TIMESTAMP, CURRENT_TIMESTAMP);
INSERT INTO sources (id, name, url, source_type, description, created_at, updated_at) VALUES (5, '캐나다 정부 공식 사이트', 'https://gov.캐나.example.com', 'GOVERNMENT', '캐나다의 공식 정부 문서 소스', CURRENT_TIMESTAMP, CURRENT_TIMESTAMP);
INSERT INTO sources (id, name, url, source_type, description, created_at, updated_at) VALUES (6, '중국 정부 공식 사이트', 'https://gov.중국.example.com', 'GOVERNMENT', '중국의 공식 정부 문서 소스', CURRENT_TIMESTAMP, CURRENT_TIMESTAMP);
INSERT INTO sources (id, name, url, source_type, description, created_at, updated_at) VALUES (7, '영국 정부 공식 사이트', 'https://gov.영국.example.com', 'GOVERNMENT', '영국의 공식 정부 문서 소스', CURRENT_TIMESTAMP, CURRENT_TIMESTAMP);
INSERT INTO sources (id, name, url, source_type, description, created_at, updated_at) VALUES (8, '독일 정부 공식 사이트', 'https://gov.독일.example.com', 'GOVERNMENT', '독일의 공식 정부 문서 소스', CURRENT_TIMESTAMP, CURRENT_TIMESTAMP);
INSERT INTO sources (id, name, url, source_type, description, created_at, updated_at) VALUES (9, '프랑스 정부 공식 사이트', 'https://gov.프랑.example.com', 'GOVERNMENT', '프랑스의 공식 정부 문서 소스', CURRENT_TIMESTAMP, CURRENT_TIMESTAMP);
INSERT INTO sources (id, name, url, source_type, description, created_at, updated_at) VALUES (10, '싱가포르 정부 공식 사이트', 'https://gov.싱가.example.com', 'GOVERNMENT', '싱가포르의 공식 정부 문서 소스', CURRENT_TIMESTAMP, CURRENT_TIMESTAMP);
INSERT INTO sources (id, name, url, source_type, description, created_at, updated_at) VALUES (11, '필리핀 정부 공식 사이트', 'https://gov.필리.example.com', 'GOVERNMENT', '필리핀의 공식 정부 문서 소스', CURRENT_TIMESTAMP, CURRENT_TIMESTAMP);
INSERT INTO sources (id, name, url, source_type, description, created_at, updated_at) VALUES (12, '말레이시아 정부 공식 사이트', 'https://gov.말레.example.com', 'GOVERNMENT', '말레이시아의 공식 정부 문서 소스', CURRENT_TIMESTAMP, CURRENT_TIMESTAMP);
INSERT INTO sources (id, name, url, source_type, description, created_at, updated_at) VALUES (13, '뉴질랜드 정부 공식 사이트', 'https://gov.뉴질.example.com', 'GOVERNMENT', '뉴질랜드의 공식 정부 문서 소스', CURRENT_TIMESTAMP, CURRENT_TIMESTAMP);
INSERT INTO sources (id, name, url, source_type, description, created_at, updated_at) VALUES (14, '태국 정부 공식 사이트', 'https://gov.태국.example.com', 'GOVERNMENT', '태국의 공식 정부 문서 소스', CURRENT_TIMESTAMP, CURRENT_TIMESTAMP);
INSERT INTO sources (id, name, url, source_type, description, created_at, updated_at) VALUES (15, '인도네시아 정부 공식 사이트', 'https://gov.인도.example.com', 'GOVERNMENT', '인도네시아의 공식 정부 문서 소스', CURRENT_TIMESTAMP, CURRENT_TIMESTAMP);
INSERT INTO sources (id, name, url, source_type, description, created_at, updated_at) VALUES (16, '이탈리아 정부 공식 사이트', 'https://gov.이탈.example.com', 'GOVERNMENT', '이탈리아의 공식 정부 문서 소스', CURRENT_TIMESTAMP, CURRENT_TIMESTAMP);
INSERT INTO sources (id, name, url, source_type, description, created_at, updated_at) VALUES (17, '스페인 정부 공식 사이트', 'https://gov.스페.example.com', 'GOVERNMENT', '스페인의 공식 정부 문서 소스', CURRENT_TIMESTAMP, CURRENT_TIMESTAMP);
INSERT INTO sources (id, name, url, source_type, description, created_at, updated_at) VALUES (18, '튀르키예 정부 공식 사이트', 'https://gov.튀르.example.com', 'GOVERNMENT', '튀르키예의 공식 정부 문서 소스', CURRENT_TIMESTAMP, CURRENT_TIMESTAMP);
INSERT INTO sources (id, name, url, source_type, description, created_at, updated_at) VALUES (19, '네덜란드 정부 공식 사이트', 'https://gov.네덜.example.com', 'GOVERNMENT', '네덜란드의 공식 정부 문서 소스', CURRENT_TIMESTAMP, CURRENT_TIMESTAMP);
INSERT INTO sources (id, name, url, source_type, description, created_at, updated_at) VALUES (20, '스웨덴 정부 공식 사이트', 'https://gov.스웨.example.com', 'GOVERNMENT', '스웨덴의 공식 정부 문서 소스', CURRENT_TIMESTAMP, CURRENT_TIMESTAMP);
INSERT INTO required_items 
    (id, country_id, item, description, category, is_required, created_at, updated_at) 
    VALUES (1, 6, '필수서류 1', '필수서류 1은 중국 방문 시 필요한 서류입니다.', 'HEALTH', TRUE, CURRENT_TIMESTAMP, CURRENT_TIMESTAMP);
INSERT INTO required_items 
    (id, country_id, item, description, category, is_required, created_at, updated_at) 
    VALUES (2, 5, '필수서류 2', '필수서류 2은 캐나다 방문 시 필요한 서류입니다.', 'DOCUMENTS', TRUE, CURRENT_TIMESTAMP, CURRENT_TIMESTAMP);
INSERT INTO required_items 
    (id, country_id, item, description, category, is_required, created_at, updated_at) 
    VALUES (3, 1, '필수서류 3', '필수서류 3은 미국 방문 시 필요한 서류입니다.', 'HEALTH', TRUE, CURRENT_TIMESTAMP, CURRENT_TIMESTAMP);
INSERT INTO required_items 
    (id, country_id, item, description, category, is_required, created_at, updated_at) 
    VALUES (4, 1, '필수서류 4', '필수서류 4은 미국 방문 시 필요한 서류입니다.', 'HEALTH', TRUE, CURRENT_TIMESTAMP, CURRENT_TIMESTAMP);
INSERT INTO required_items 
    (id, country_id, item, description, category, is_required, created_at, updated_at) 
    VALUES (5, 4, '필수서류 5', '필수서류 5은 호주 방문 시 필요한 서류입니다.', 'DOCUMENTS', TRUE, CURRENT_TIMESTAMP, CURRENT_TIMESTAMP);
INSERT INTO required_items 
    (id, country_id, item, description, category, is_required, created_at, updated_at) 
    VALUES (6, 17, '필수서류 6', '필수서류 6은 스페인 방문 시 필요한 서류입니다.', 'VISA', TRUE, CURRENT_TIMESTAMP, CURRENT_TIMESTAMP);
INSERT INTO required_items 
    (id, country_id, item, description, category, is_required, created_at, updated_at) 
    VALUES (7, 12, '필수서류 7', '필수서류 7은 말레이시아 방문 시 필요한 서류입니다.', 'HEALTH', TRUE, CURRENT_TIMESTAMP, CURRENT_TIMESTAMP);
INSERT INTO required_items 
    (id, country_id, item, description, category, is_required, created_at, updated_at) 
    VALUES (8, 2, '필수서류 8', '필수서류 8은 일본 방문 시 필요한 서류입니다.', 'DOCUMENTS', TRUE, CURRENT_TIMESTAMP, CURRENT_TIMESTAMP);
INSERT INTO required_items 
    (id, country_id, item, description, category, is_required, created_at, updated_at) 
    VALUES (9, 1, '필수서류 9', '필수서류 9은 미국 방문 시 필요한 서류입니다.', 'HEALTH', TRUE, CURRENT_TIMESTAMP, CURRENT_TIMESTAMP);
INSERT INTO required_items 
    (id, country_id, item, description, category, is_required, created_at, updated_at) 
    VALUES (10, 4, '필수서류 10', '필수서류 10은 호주 방문 시 필요한 서류입니다.', 'TRAVEL', TRUE, CURRENT_TIMESTAMP, CURRENT_TIMESTAMP);
INSERT INTO required_items 
    (id, country_id, item, description, category, is_required, created_at, updated_at) 
    VALUES (11, 20, '필수서류 11', '필수서류 11은 스웨덴 방문 시 필요한 서류입니다.', 'HEALTH', TRUE, CURRENT_TIMESTAMP, CURRENT_TIMESTAMP);
INSERT INTO required_items 
    (id, country_id, item, description, category, is_required, created_at, updated_at) 
    VALUES (12, 1, '필수서류 12', '필수서류 12은 미국 방문 시 필요한 서류입니다.', 'VISA', TRUE, CURRENT_TIMESTAMP, CURRENT_TIMESTAMP);
INSERT INTO required_items 
    (id, country_id, item, description, category, is_required, created_at, updated_at) 
    VALUES (13, 16, '필수서류 13', '필수서류 13은 이탈리아 방문 시 필요한 서류입니다.', 'TRAVEL', TRUE, CURRENT_TIMESTAMP, CURRENT_TIMESTAMP);
INSERT INTO required_items 
    (id, country_id, item, description, category, is_required, created_at, updated_at) 
    VALUES (14, 11, '필수서류 14', '필수서류 14은 필리핀 방문 시 필요한 서류입니다.', 'TRAVEL', TRUE, CURRENT_TIMESTAMP, CURRENT_TIMESTAMP);
INSERT INTO required_items 
    (id, country_id, item, description, category, is_required, created_at, updated_at) 
    VALUES (15, 12, '필수서류 15', '필수서류 15은 말레이시아 방문 시 필요한 서류입니다.', 'TRAVEL', TRUE, CURRENT_TIMESTAMP, CURRENT_TIMESTAMP);
INSERT INTO required_items 
    (id, country_id, item, description, category, is_required, created_at, updated_at) 
    VALUES (16, 14, '필수서류 16', '필수서류 16은 태국 방문 시 필요한 서류입니다.', 'TRAVEL', TRUE, CURRENT_TIMESTAMP, CURRENT_TIMESTAMP);
INSERT INTO required_items 
    (id, country_id, item, description, category, is_required, created_at, updated_at) 
    VALUES (17, 17, '필수서류 17', '필수서류 17은 스페인 방문 시 필요한 서류입니다.', 'TRAVEL', TRUE, CURRENT_TIMESTAMP, CURRENT_TIMESTAMP);
INSERT INTO required_items 
    (id, country_id, item, description, category, is_required, created_at, updated_at) 
    VALUES (18, 20, '필수서류 18', '필수서류 18은 스웨덴 방문 시 필요한 서류입니다.', 'HEALTH', TRUE, CURRENT_TIMESTAMP, CURRENT_TIMESTAMP);
INSERT INTO required_items 
    (id, country_id, item, description, category, is_required, created_at, updated_at) 
    VALUES (19, 2, '필수서류 19', '필수서류 19은 일본 방문 시 필요한 서류입니다.', 'HEALTH', TRUE, CURRENT_TIMESTAMP, CURRENT_TIMESTAMP);
INSERT INTO required_items 
    (id, country_id, item, description, category, is_required, created_at, updated_at) 
    VALUES (20, 4, '필수서류 20', '필수서류 20은 호주 방문 시 필요한 서류입니다.', 'TRAVEL', TRUE, CURRENT_TIMESTAMP, CURRENT_TIMESTAMP);
INSERT INTO faqs 
    (id, question, answer, country_id, topic_id, is_featured, view_count, created_at, updated_at) 
    VALUES (1, '캐나다의 운전자보험 관련 자주 묻는 질문입니다.', '캐나다에서 운전자보험에 대한 답변입니다.', 5, 3, FALSE, 39, CURRENT_TIMESTAMP, CURRENT_TIMESTAMP);
INSERT INTO faqs 
    (id, question, answer, country_id, topic_id, is_featured, view_count, created_at, updated_at) 
    VALUES (2, '튀르키예의 입국 절차 관련 자주 묻는 질문입니다.', '튀르키예에서 입국 절차에 대한 답변입니다.', 18, 4, FALSE, 35, CURRENT_TIMESTAMP, CURRENT_TIMESTAMP);
INSERT INTO faqs 
    (id, question, answer, country_id, topic_id, is_featured, view_count, created_at, updated_at) 
    VALUES (3, '중국의 워킹홀리데이 비자 관련 자주 묻는 질문입니다.', '중국에서 워킹홀리데이 비자에 대한 답변입니다.', 6, 6, FALSE, 40, CURRENT_TIMESTAMP, CURRENT_TIMESTAMP);
INSERT INTO faqs 
    (id, question, answer, country_id, topic_id, is_featured, view_count, created_at, updated_at) 
    VALUES (4, '독일의 거주 비자 관련 자주 묻는 질문입니다.', '독일에서 거주 비자에 대한 답변입니다.', 8, 8, FALSE, 85, CURRENT_TIMESTAMP, CURRENT_TIMESTAMP);
INSERT INTO faqs 
    (id, question, answer, country_id, topic_id, is_featured, view_count, created_at, updated_at) 
    VALUES (5, '튀르키예의 국가별 여행 안전 정보 관련 자주 묻는 질문입니다.', '튀르키예에서 국가별 여행 안전 정보에 대한 답변입니다.', 18, 9, FALSE, 87, CURRENT_TIMESTAMP, CURRENT_TIMESTAMP);
INSERT INTO faqs 
    (id, question, answer, country_id, topic_id, is_featured, view_count, created_at, updated_at) 
    VALUES (6, '독일의 의료보험 관련 자주 묻는 질문입니다.', '독일에서 의료보험에 대한 답변입니다.', 8, 1, FALSE, 77, CURRENT_TIMESTAMP, CURRENT_TIMESTAMP);
INSERT INTO faqs 
    (id, question, answer, country_id, topic_id, is_featured, view_count, created_at, updated_at) 
    VALUES (7, '호주의 여행 비자 관련 자주 묻는 질문입니다.', '호주에서 여행 비자에 대한 답변입니다.', 4, 7, FALSE, 28, CURRENT_TIMESTAMP, CURRENT_TIMESTAMP);
INSERT INTO faqs 
    (id, question, answer, country_id, topic_id, is_featured, view_count, created_at, updated_at) 
    VALUES (8, '튀르키예의 운전자보험 관련 자주 묻는 질문입니다.', '튀르키예에서 운전자보험에 대한 답변입니다.', 18, 3, FALSE, 30, CURRENT_TIMESTAMP, CURRENT_TIMESTAMP);
INSERT INTO faqs 
    (id, question, answer, country_id, topic_id, is_featured, view_count, created_at, updated_at) 
    VALUES (9, '호주의 입국 절차 관련 자주 묻는 질문입니다.', '호주에서 입국 절차에 대한 답변입니다.', 4, 4, FALSE, 79, CURRENT_TIMESTAMP, CURRENT_TIMESTAMP);
INSERT INTO faqs 
    (id, question, answer, country_id, topic_id, is_featured, view_count, created_at, updated_at) 
    VALUES (10, '말레이시아의 여행자보험 관련 자주 묻는 질문입니다.', '말레이시아에서 여행자보험에 대한 답변입니다.', 12, 2, FALSE, 24, CURRENT_TIMESTAMP, CURRENT_TIMESTAMP);
INSERT INTO faqs 
    (id, question, answer, country_id, topic_id, is_featured, view_count, created_at, updated_at) 
    VALUES (11, '네덜란드의 입국 절차 관련 자주 묻는 질문입니다.', '네덜란드에서 입국 절차에 대한 답변입니다.', 19, 4, FALSE, 83, CURRENT_TIMESTAMP, CURRENT_TIMESTAMP);
INSERT INTO faqs 
    (id, question, answer, country_id, topic_id, is_featured, view_count, created_at, updated_at) 
    VALUES (12, '이탈리아의 운전자보험 관련 자주 묻는 질문입니다.', '이탈리아에서 운전자보험에 대한 답변입니다.', 16, 3, FALSE, 92, CURRENT_TIMESTAMP, CURRENT_TIMESTAMP);
INSERT INTO faqs 
    (id, question, answer, country_id, topic_id, is_featured, view_count, created_at, updated_at) 
    VALUES (13, '영국의 세관 정보 관련 자주 묻는 질문입니다.', '영국에서 세관 정보에 대한 답변입니다.', 7, 5, FALSE, 11, CURRENT_TIMESTAMP, CURRENT_TIMESTAMP);
INSERT INTO faqs 
    (id, question, answer, country_id, topic_id, is_featured, view_count, created_at, updated_at) 
    VALUES (14, '스웨덴의 여행자보험 관련 자주 묻는 질문입니다.', '스웨덴에서 여행자보험에 대한 답변입니다.', 20, 2, FALSE, 22, CURRENT_TIMESTAMP, CURRENT_TIMESTAMP);
INSERT INTO faqs 
    (id, question, answer, country_id, topic_id, is_featured, view_count, created_at, updated_at) 
    VALUES (15, '싱가포르의 여행자보험 관련 자주 묻는 질문입니다.', '싱가포르에서 여행자보험에 대한 답변입니다.', 10, 2, FALSE, 61, CURRENT_TIMESTAMP, CURRENT_TIMESTAMP);
INSERT INTO faqs 
    (id, question, answer, country_id, topic_id, is_featured, view_count, created_at, updated_at) 
    VALUES (16, '독일의 여행자보험 관련 자주 묻는 질문입니다.', '독일에서 여행자보험에 대한 답변입니다.', 8, 2, FALSE, 14, CURRENT_TIMESTAMP, CURRENT_TIMESTAMP);
INSERT INTO faqs 
    (id, question, answer, country_id, topic_id, is_featured, view_count, created_at, updated_at) 
    VALUES (17, '이탈리아의 여행자보험 관련 자주 묻는 질문입니다.', '이탈리아에서 여행자보험에 대한 답변입니다.', 16, 2, FALSE, 31, CURRENT_TIMESTAMP, CURRENT_TIMESTAMP);
INSERT INTO faqs 
    (id, question, answer, country_id, topic_id, is_featured, view_count, created_at, updated_at) 
    VALUES (18, '뉴질랜드의 입국 절차 관련 자주 묻는 질문입니다.', '뉴질랜드에서 입국 절차에 대한 답변입니다.', 13, 4, FALSE, 49, CURRENT_TIMESTAMP, CURRENT_TIMESTAMP);
INSERT INTO faqs 
    (id, question, answer, country_id, topic_id, is_featured, view_count, created_at, updated_at) 
    VALUES (19, '태국의 여행 비자 관련 자주 묻는 질문입니다.', '태국에서 여행 비자에 대한 답변입니다.', 14, 7, FALSE, 88, CURRENT_TIMESTAMP, CURRENT_TIMESTAMP);
INSERT INTO faqs 
    (id, question, answer, country_id, topic_id, is_featured, view_count, created_at, updated_at) 
    VALUES (20, '이탈리아의 운전자보험 관련 자주 묻는 질문입니다.', '이탈리아에서 운전자보험에 대한 답변입니다.', 16, 3, FALSE, 7, CURRENT_TIMESTAMP, CURRENT_TIMESTAMP);
INSERT INTO documents 
    (id, title, doc_type, url, file_path, source_id, country_id, topic_id, created_at, updated_at) 
    VALUES (1, '튀르키예 워킹홀리데이 비자 문서', 'PDF', 'https://docs.example.com/18/6/1.pdf', '/files/18/6/1.pdf', 18, 18, 6, CURRENT_TIMESTAMP, CURRENT_TIMESTAMP);
INSERT INTO documents 
    (id, title, doc_type, url, file_path, source_id, country_id, topic_id, created_at, updated_at) 
    VALUES (2, '태국 세관 정보 문서', 'PDF', 'https://docs.example.com/14/5/2.pdf', '/files/14/5/2.pdf', 14, 14, 5, CURRENT_TIMESTAMP, CURRENT_TIMESTAMP);
INSERT INTO documents 
    (id, title, doc_type, url, file_path, source_id, country_id, topic_id, created_at, updated_at) 
    VALUES (3, '캐나다 여행 비자 문서', 'PDF', 'https://docs.example.com/5/7/3.pdf', '/files/5/7/3.pdf', 5, 5, 7, CURRENT_TIMESTAMP, CURRENT_TIMESTAMP);
INSERT INTO documents 
    (id, title, doc_type, url, file_path, source_id, country_id, topic_id, created_at, updated_at) 
    VALUES (4, '뉴질랜드 입국 절차 문서', 'PDF', 'https://docs.example.com/13/4/4.pdf', '/files/13/4/4.pdf', 13, 13, 4, CURRENT_TIMESTAMP, CURRENT_TIMESTAMP);
INSERT INTO documents 
    (id, title, doc_type, url, file_path, source_id, country_id, topic_id, created_at, updated_at) 
    VALUES (5, '태국 워킹홀리데이 비자 문서', 'PDF', 'https://docs.example.com/14/6/5.pdf', '/files/14/6/5.pdf', 14, 14, 6, CURRENT_TIMESTAMP, CURRENT_TIMESTAMP);
INSERT INTO documents 
    (id, title, doc_type, url, file_path, source_id, country_id, topic_id, created_at, updated_at) 
    VALUES (6, '말레이시아 워킹홀리데이 비자 문서', 'PDF', 'https://docs.example.com/12/6/6.pdf', '/files/12/6/6.pdf', 12, 12, 6, CURRENT_TIMESTAMP, CURRENT_TIMESTAMP);
INSERT INTO documents 
    (id, title, doc_type, url, file_path, source_id, country_id, topic_id, created_at, updated_at) 
    VALUES (7, '이탈리아 세관 정보 문서', 'PDF', 'https://docs.example.com/16/5/7.pdf', '/files/16/5/7.pdf', 16, 16, 5, CURRENT_TIMESTAMP, CURRENT_TIMESTAMP);
INSERT INTO documents 
    (id, title, doc_type, url, file_path, source_id, country_id, topic_id, created_at, updated_at) 
    VALUES (8, '필리핀 여행 비자 문서', 'PDF', 'https://docs.example.com/11/7/8.pdf', '/files/11/7/8.pdf', 11, 11, 7, CURRENT_TIMESTAMP, CURRENT_TIMESTAMP);
INSERT INTO documents 
    (id, title, doc_type, url, file_path, source_id, country_id, topic_id, created_at, updated_at) 
    VALUES (9, '베트남 거주 비자 문서', 'PDF', 'https://docs.example.com/3/8/9.pdf', '/files/3/8/9.pdf', 3, 3, 8, CURRENT_TIMESTAMP, CURRENT_TIMESTAMP);
INSERT INTO documents 
    (id, title, doc_type, url, file_path, source_id, country_id, topic_id, created_at, updated_at) 
    VALUES (10, '일본 여행 비자 문서', 'PDF', 'https://docs.example.com/2/7/10.pdf', '/files/2/7/10.pdf', 2, 2, 7, CURRENT_TIMESTAMP, CURRENT_TIMESTAMP);
INSERT INTO documents 
    (id, title, doc_type, url, file_path, source_id, country_id, topic_id, created_at, updated_at) 
    VALUES (11, '태국 운전자보험 문서', 'PDF', 'https://docs.example.com/14/3/11.pdf', '/files/14/3/11.pdf', 14, 14, 3, CURRENT_TIMESTAMP, CURRENT_TIMESTAMP);
INSERT INTO documents 
    (id, title, doc_type, url, file_path, source_id, country_id, topic_id, created_at, updated_at) 
    VALUES (12, '튀르키예 운전자보험 문서', 'PDF', 'https://docs.example.com/18/3/12.pdf', '/files/18/3/12.pdf', 18, 18, 3, CURRENT_TIMESTAMP, CURRENT_TIMESTAMP);
INSERT INTO documents 
    (id, title, doc_type, url, file_path, source_id, country_id, topic_id, created_at, updated_at) 
    VALUES (13, '스웨덴 거주 비자 문서', 'PDF', 'https://docs.example.com/20/8/13.pdf', '/files/20/8/13.pdf', 20, 20, 8, CURRENT_TIMESTAMP, CURRENT_TIMESTAMP);
INSERT INTO documents 
    (id, title, doc_type, url, file_path, source_id, country_id, topic_id, created_at, updated_at) 
    VALUES (14, '이탈리아 워킹홀리데이 비자 문서', 'PDF', 'https://docs.example.com/16/6/14.pdf', '/files/16/6/14.pdf', 16, 16, 6, CURRENT_TIMESTAMP, CURRENT_TIMESTAMP);
INSERT INTO documents 
    (id, title, doc_type, url, file_path, source_id, country_id, topic_id, created_at, updated_at) 
    VALUES (15, '독일 여행 비자 문서', 'PDF', 'https://docs.example.com/8/7/15.pdf', '/files/8/7/15.pdf', 8, 8, 7, CURRENT_TIMESTAMP, CURRENT_TIMESTAMP);
INSERT INTO documents 
    (id, title, doc_type, url, file_path, source_id, country_id, topic_id, created_at, updated_at) 
    VALUES (16, '미국 국가별 여행 안전 정보 문서', 'PDF', 'https://docs.example.com/1/9/16.pdf', '/files/1/9/16.pdf', 1, 1, 9, CURRENT_TIMESTAMP, CURRENT_TIMESTAMP);
INSERT INTO documents 
    (id, title, doc_type, url, file_path, source_id, country_id, topic_id, created_at, updated_at) 
    VALUES (17, '캐나다 여행자보험 문서', 'PDF', 'https://docs.example.com/5/2/17.pdf', '/files/5/2/17.pdf', 5, 5, 2, CURRENT_TIMESTAMP, CURRENT_TIMESTAMP);
INSERT INTO documents 
    (id, title, doc_type, url, file_path, source_id, country_id, topic_id, created_at, updated_at) 
    VALUES (18, '프랑스 세관 정보 문서', 'PDF', 'https://docs.example.com/9/5/18.pdf', '/files/9/5/18.pdf', 9, 9, 5, CURRENT_TIMESTAMP, CURRENT_TIMESTAMP);
INSERT INTO documents 
    (id, title, doc_type, url, file_path, source_id, country_id, topic_id, created_at, updated_at) 
    VALUES (19, '캐나다 국가별 여행 안전 정보 문서', 'PDF', 'https://docs.example.com/5/9/19.pdf', '/files/5/9/19.pdf', 5, 5, 9, CURRENT_TIMESTAMP, CURRENT_TIMESTAMP);
INSERT INTO documents 
    (id, title, doc_type, url, file_path, source_id, country_id, topic_id, created_at, updated_at) 
    VALUES (20, '미국 거주 비자 문서', 'PDF', 'https://docs.example.com/1/8/20.pdf', '/files/1/8/20.pdf', 1, 1, 8, CURRENT_TIMESTAMP, CURRENT_TIMESTAMP);
